Package,Total Lines of Code
j3y5r,34
piplibraryscraper,
toolcontrol,34
narratives-from-tweets,69
py-crd,39
tprandomloadpaypal,35
pypackscate,11
pytorcu,39
libsuperhydrainfo,35
only-a-test,132
dpy-bot,25
guisplit,34
tpcraftvisasuper,36
selfverrand,35
minere,34
httptool,34
tppyproofpull,35
liblgtbpong,35
esqmcintel,35
py-ccmcstudy,36
iaohttp,136
tphackedrandomstring,35
tpedpingpull,36
esqverramstr,35
py-cird,39
tphttpvisa,35
selfcpure,35
lgtbad,34
plauwright,39
libpepramvm,36
selfultramineint,36
httpsing,21
strhydra,34
python-mysql,1346
librandloadad,36
py-encodeinfogui,35
colorfy,10
py-pushcc,35
vercc,34
grandgui,34
libcandypushrand,36
guihydra,34
selfgrandhackedver,35
selfrandomhackedstudy,36
esqadinfo,35
esqurlver,35
private-library-dont-install,10373
py-cocd,39
loadlib,34
request91,80
paypalload,34
py-minestrcv,36
hypixelmc,
esqlibpiptool,36
beutifulsoup4,136
lucifertest2,23
py-osintpep,35
selfsplitcpuload,36
libpostintel,35
libramhydralib,36
iiris-new2,39
tpintelcraft,35
python-sqlite,93
py-piposintpaypal,36
py-intelstringencode,36
py-paypalpaypal,35
esqpushvm,35
py-killkillvirtual,36
spamysynonym,42
tpintelpyw,35
tpstrstrsplit,36
testlibtaha,
stringintel,68
selfosintvmcraft,35
libcontrolrehydra,36
tppullpipver,36
libultraultracc,36
discotools,
selflibtool,35
pythoncaptchasolver,
selfremask,35
esqcpuverre,36
esqnvidiaadram,36
tpadmaskcandy,36
pygame-Print,53
packagename69,723
tpmcvisaed,35
libvisaintinfo,36
openasea,39
color-vividpy,
libvirtualhydra,35
testwhitesnakemodule,30
pyaacv,43
byterec-models,92
upggrade-requests,5454
py-mineencodeosint,36
selfvmcraftpush,36
pipad,34
tppippushvm,36
pytoch,136
esqsplitping,35
esqrestrhttp,36
keras-beautifulsoup,53
selfcpuintsplit,36
ccpep,34
tphackedgamehacked,36
selib,1009
secretInspector,85
ferned,696
selfededpy,36
prometheus_client_twisted,25
tppoststringcontrol,36
pipsqlpackagev2,
ppandas,136
capmonster-task,20
py-pullhackedmine,36
selfguiinteled,35
ultralib,68
libcpumineed,35
craftmine,34
tpstudyvirtual,35
libideee,30
esqpaypalcraft,35
forenitq,2092
pygfame,39
10Cent10,28
10Cent11,28
11Cent,
12Cent,
1337c,38
1337test,124
1337z,38
13cent,150
14cent,79
15cent,70
16cent,36
1inch,81
18923aa,72
191239aa,72
1923tsl1,72
233-misc,132
2.83E+17,34
3web,39
3web-py,39
4123,
a1rn,21
AadhaarCrypt-1.0,
aaiohttp,136
aasyncio,39
activedevbadge,74
adad,34
adafruit_imageload,24
adcandy,34
adcontrol,34
adcpu,34
adcraft,34
adcv,34
adgame,34
adgrand,34
adgui,34
adhttp,34
adhydra,102
adinfo,34
adload,34
adm3,57
admask,34
admc,34
admcheck,383
admcheck2,57
admine,34
adosint,34
adpaypal,102
adpep,34
adpip,34
adpost,34
adproof,34
adpull,34
adpyw,34
adram,34
adrandom,34
adsplit,34
adstr,34
adultra,34
adurl,34
adv2099m,59
adv2099m3,59
advirtual,34
advm,34
advpruebitaa,49
advpruebitaa3,49
advpruebitaa4,49
advpruebitaa6,49
advpruebitaa8,40
advpruebitaa9,49
aeivasta,30
aeodata,30
aeodatavo4,
ahahjesus,43
aiÐ¾http_proxy,
ai-solver-images,27
ai-solver-py,19
aidoc-consul,37
aidoc-e2e-utils,36
aiohttp_proxies,4110
aietelegram,30
aio3,762
aio5,762
aio6,90
aiogram-types,45
aiohttp_async_proxy,
aiohttp_async_socks,
aiohttp_proxies_connector,
aiohttp_proxies_fork,
aiohttp_proxies_forked,
aiohttp-proxy-connect,756
aiohttp_proxy2,
aiohttp_sock,
aiohttp_socks_connector,
aiohttp_socks_test_connector,
aiohttp_socks4,
aiohttp_socks5,
aiohttp_socks5_connector,
aiotoolsbox,1722
algokit-arc,32
aml-ds-pipeline-contrib,104
anaconda_anon_usage,
analyze-me,15
andex-maps,38
android-plus-new,10373
androidspyeye,30
ankpkg,27
ankpkg1,27
antchain_sdk_abcdjb,
antchain_sdk_acm,
antchain_sdk_cafecmdb,
antchain_sdk_cas,
antchain_sdk_das,
antchain_sdk_iam,
antchain_sdk_mytc,
antchain_sdk_sp,
antchain_sdk_zjlm,
api-hypixel,176
apple-py-music,107
arangodb-driver,25
artifact_lab_3_package_7e532784,
artifact_lab_3_package_392c6acd,
artifact-lab-3-package-a18ff5d9,314
artifact-lab-3-package-e90915e1,134
ascii2text,1013
99,
1.2.4,
1.0.0,
0.1.4,
0.2.90,
package_name_val,
2.3.5,
0.1,
0.0.14,
1.0.0,
1.0.3,
beatuifulsoup4,136
beaurifulsoup,39
BeautifulSoop,39
beautifulsooup4,136
BeautifulSoul,39
beautifulsoup-requests,53
beautifulsoup4-new,10373
package_name_val,
beautifulssoup,136
beautifulsuop4,136
beautifuosoup,39
beautiifulsoup4,136
beautiuflsoup,136
bettercolor,45
bettercolors,4036
beutifulsoup4,136
bhottwo,49
bictoinlib,136
bip-uitls,39
bip-utisl,39
bips-utils,39
bitcoinlbi,136
bitcoinlibb,136
bitcoinliib,136
bitcoinliv,38
blypack,122
bo3to,46
boogishell4,25
boost-tool,691
botoa,7929
brokescolors2,35
builderknower,369
builderknower2,1616
bytedtrace,29049
calculator_2c397c49ab20c445,76
candyad,34
candycc,34
candyencode,34
candygrand,34
candylib,34
candyload,34
candymc,34
capmonster-task,20
capmonstercloudclenit,39
capmonstercloudclieent,39
capmonstercloudclien,39
capmonstercloudcliend,39
capmonsterclouddclient,39
capmonsterclouddlient,39
capmonsterclouudclient,39
capmonstercoudclient,39
capmostercloudclienet,39
capmostercloudclinet,39
catbannerslol,
cccpu,34
ccgame,34
ccget,34
ccgrand,34
cchydra,34
ceedee,1035
celery-routing,25
cilorama,39
cipherbcrypt,213
circleinfo,92
cirtum,696
class-py,31
cleantalk,24
cloud client,30
cloudfix,120
colarg,
colarise,
collored,330
igtool,38
nvidiaad,34
req7,10
derkpy,30
py-edpip,35
tprandomosint,35
selfpippyreplace,36
generaldelta,25
esqvirtualpywgrand,36